Page,Query,Clicks,Impressions,CTR,Position
https://www.reczniki-haftowane.pl/,"ręczniki haftowane",3,77,0.039,7.7
https://reczniki-haftowane.pl/,"ręczniki haftowane",1,51,0.0196,2.1
https://www.reczniki-haftowane.pl/,"reczniki z haftem",1,10,0.1,17.3
https://www.reczniki-haftowane.pl/,"ręczniki z haftem",1,62,0.0161,28.2
https://reczniki-haftowane.pl/,"gdzie kupić ręcznik z haftem imienia na prezent z wysyłką?",0,4,0,4.8
https://reczniki-haftowane.pl/,"haft na ręcznikach",0,8,0,46.8
https://reczniki-haftowane.pl/,"haft na ręczniku",0,35,0,26.8
https://reczniki-haftowane.pl/,"haft ręczniki",0,1,0,1
https://reczniki-haftowane.pl/,"haftowane",0,10,0,11.8
https://reczniki-haftowane.pl/,"haftowane prezenty",0,4,0,24
https://reczniki-haftowane.pl/,"haftowane reczniki",0,3,0,2.7
https://reczniki-haftowane.pl/,"haftowane ręczniki",0,13,0,3
https://reczniki-haftowane.pl/,"haftowane ręczniki na rocznicę ślubu",0,2,0,15
https://reczniki-haftowane.pl/,"haftowanie na ręcznikach",0,3,0,39
https://reczniki-haftowane.pl/,"haftowanie ręczników",0,1,0,5
https://reczniki-haftowane.pl/,"komplet ręczników z haftem",0,2,0,6.5
https://reczniki-haftowane.pl/,"nadruki na ręcznikach",0,8,0,102.4
https://reczniki-haftowane.pl/,"personalizowane reczniki",0,1,0,20
https://reczniki-haftowane.pl/,"personalizowane ręczniki",0,37,0,18.0
https://reczniki-haftowane.pl/,"personalizowany ręcznik",0,2,0,29.5
https://reczniki-haftowane.pl/,"producent ręczników z haftem",0,14,0,29.6
https://reczniki-haftowane.pl/,"recznik z haftem",0,1,0,17
https://reczniki-haftowane.pl/,"reczniki z haftem",0,6,0,15.7
https://reczniki-haftowane.pl/,"reczniki z napisem",0,3,0,29
https://reczniki-haftowane.pl/,"ręcznik haft",0,25,0,16.6
https://reczniki-haftowane.pl/,"ręcznik haftowany",0,3,0,12.3
https://reczniki-haftowane.pl/,"ręcznik kąpielowy z haftem",0,1,0,11
https://reczniki-haftowane.pl/,"ręcznik personalizowany",0,3,0,31.3
https://reczniki-haftowane.pl/,"ręcznik z dedykacją na urodziny",0,1,0,45
https://reczniki-haftowane.pl/,"ręcznik z grawerem",0,3,0,38
https://reczniki-haftowane.pl/,"ręcznik z haftem",0,37,0,20.9
https://reczniki-haftowane.pl/,"ręcznik z haftem dla chłopaka",0,1,0,43
https://reczniki-haftowane.pl/,"ręcznik z haftem na prezent",0,2,0,7.5
https://reczniki-haftowane.pl/,"ręcznik z haftem na walentynki",0,1,0,49
https://reczniki-haftowane.pl/,"ręcznik z haftem na zamówienie",0,4,0,13.5
https://reczniki-haftowane.pl/,"ręcznik z napisem na zamówienie",0,1,0,39
https://reczniki-haftowane.pl/,"ręcznik z własną grafiką",0,2,0,36.5
https://reczniki-haftowane.pl/,"ręczniki bawełniane z haftem",0,3,0,29.3
https://reczniki-haftowane.pl/,"ręczniki dla rodziców",0,4,0,36.5
https://reczniki-haftowane.pl/,"ręczniki grawerowane",0,6,0,38.2
https://reczniki-haftowane.pl/,"ręczniki haft",0,3,0,3.7
https://reczniki-haftowane.pl/,"ręczniki haftowane na zamówienie",0,23,0,18.1
https://reczniki-haftowane.pl/,"ręczniki na prezent z haftem",0,7,0,20
https://reczniki-haftowane.pl/,"ręczniki na zamówienie",0,8,0,42
https://reczniki-haftowane.pl/,"ręczniki na ślub z haftem",0,6,0,9.3
https://reczniki-haftowane.pl/,"ręczniki personalizowane",0,30,0,25.0
https://reczniki-haftowane.pl/,"ręczniki personalizowane na ślub",0,2,0,12.5
https://reczniki-haftowane.pl/,"ręczniki z dedykacją",0,1,0,13
https://reczniki-haftowane.pl/,"ręczniki z grawerem",0,2,0,37.5
https://reczniki-haftowane.pl/,"ręczniki z haftem",0,71,0,17.0
https://reczniki-haftowane.pl/,"ręczniki z haftem kraków",0,26,0,19.3
https://reczniki-haftowane.pl/,"ręczniki z haftem na prezent",0,14,0,12.1
https://reczniki-haftowane.pl/,"ręczniki z haftem na urodziny",0,7,0,25.6
https://reczniki-haftowane.pl/,"ręczniki z haftem na zamówienie",0,61,0,18.1
https://reczniki-haftowane.pl/,"ręczniki z haftem na ślub",0,11,0,14.5
https://reczniki-haftowane.pl/,"ręczniki z imionami sklep internetowy",0,9,0,13.7
https://reczniki-haftowane.pl/,"ręczniki z indywidualnym haftem",0,2,0,27
https://reczniki-haftowane.pl/,"ręczniki z inicjałami",0,5,0,22.2
https://reczniki-haftowane.pl/,"ręczniki z napisami",0,9,0,22.6
https://reczniki-haftowane.pl/,"ręczniki z napisami na zamówienie",0,3,0,33.7
https://reczniki-haftowane.pl/,"ręczniki z napisem",0,4,0,18.8
https://reczniki-haftowane.pl/,"ręczniki z napisem na zamówienie",0,1,0,73
https://reczniki-haftowane.pl/,"ręczniki z własnym haftem",0,9,0,26.9
https://reczniki-haftowane.pl/,"sklep internetowy ręczniki",0,1,0,44
https://reczniki-haftowane.pl/,"upominki z haftem",0,1,0,22
https://reczniki-haftowane.pl/,"zestaw ręczników z haftem",0,1,0,9
https://reczniki-haftowane.pl/products/2-duze-reczniki-kosz,"haftowane reczniki",0,1,0,25
https://reczniki-haftowane.pl/products/2-duze-reczniki-kosz,"ręczniki haftowane",0,2,0,63
https://reczniki-haftowane.pl/products/2-duze-reczniki-kosz,"ręczniki haftowane na zamówienie",0,1,0,72
https://reczniki-haftowane.pl/products/2-duze-reczniki-kosz,"ręczniki z haftem na prezent",0,2,0,58
https://reczniki-haftowane.pl/wizzard,"ręczniki haftowane na zamówienie",0,1,0,34
https://reczniki-haftowane.pl/wizzard,"ręczniki z haftem na zamówienie",0,1,0,58
https://www.reczniki-haftowane.pl/,"andrzejewski",0,3,0,14.3
https://www.reczniki-haftowane.pl/,"embroidery",0,3,0,12.3
https://www.reczniki-haftowane.pl/,"haft",0,1,0,15
https://www.reczniki-haftowane.pl/,"haft chenille",0,2,0,13
https://www.reczniki-haftowane.pl/,"haft na reczniku",0,1,0,8
https://www.reczniki-haftowane.pl/,"haft na ręcznikach",0,3,0,81.7
https://www.reczniki-haftowane.pl/,"haft na ręczniku",0,33,0,15.1
https://www.reczniki-haftowane.pl/,"haft ręczniki",0,1,0,14
https://www.reczniki-haftowane.pl/,"haftem",0,1,0,1
https://www.reczniki-haftowane.pl/,"haftowane",0,5,0,7
https://www.reczniki-haftowane.pl/,"haftowane prezenty",0,3,0,28.7
https://www.reczniki-haftowane.pl/,"haftowane reczniki",0,9,0,3.6
https://www.reczniki-haftowane.pl/,"haftowane ręczniki",0,15,0,6.5
https://www.reczniki-haftowane.pl/,"haftowanie ręczników",0,5,0,6
https://www.reczniki-haftowane.pl/,"haftowanie warszawa",0,1,0,51
https://www.reczniki-haftowane.pl/,"hafty na ręcznikach",0,1,0,93
https://www.reczniki-haftowane.pl/,"internetowy",0,1,0,12
https://www.reczniki-haftowane.pl/,"nadruki na ręcznikach",0,4,0,100.8
https://www.reczniki-haftowane.pl/,"personalizowane reczniki",0,1,0,27
https://www.reczniki-haftowane.pl/,"personalizowane ręczniki",0,29,0,18.0
https://www.reczniki-haftowane.pl/,"personalizowany ręcznik",0,2,0,45.5
https://www.reczniki-haftowane.pl/,"poduszki z haftem na zamówienie",0,1,0,5
https://www.reczniki-haftowane.pl/,"producent ręczników z haftem",0,3,0,49.7
https://www.reczniki-haftowane.pl/,"reczniki",0,2,0,10
https://www.reczniki-haftowane.pl/,"reczniki personalizowane",0,2,0,27.5
https://www.reczniki-haftowane.pl/,"reczniki z nadrukiem",0,1,0,15
https://www.reczniki-haftowane.pl/,"ręcznik",0,5,0,8.8
https://www.reczniki-haftowane.pl/,"ręcznik haft",0,6,0,45.2
