Page,Clicks,Impressions,CTR,Position
https://www.reczniki-haftowane.pl/,14,665,0.0211,19.0
https://reczniki-haftowane.pl/,5,829,0.006,16.8
https://www.reczniki-haftowane.pl/%C5%9Bmieszne-wzory-haft%C3%B3w.html,1,23,0.0435,6.3
https://www.reczniki-haftowane.pl/blog/haft_na_recznikach/9,1,247,0.004,13.9
https://www.reczniki-haftowane.pl/oferta/2-duze-reczniki-ze-szlafrokami.html,1,9,0.1111,6.9
https://www.reczniki-haftowane.pl/oferta/tort-z-2-haftowanych-recznikow.html,1,3,0.3333,7.7
https://reczniki-haftowane.pl/products/2-duze-reczniki-kosz,0,11,0,31.5
https://reczniki-haftowane.pl/wizzard,0,11,0,12.1
https://www.reczniki-haftowane.pl/blog.html,0,4,0,5
https://www.reczniki-haftowane.pl/blog/letnia_promocja/50,0,1,0,6
https://www.reczniki-haftowane.pl/blog/prezenty_na_swieta/45,0,1,0,10
https://www.reczniki-haftowane.pl/czcionki.html,0,11,0,8.1
https://www.reczniki-haftowane.pl/kontakt.html,0,20,0,11
https://www.reczniki-haftowane.pl/koszyk.html,0,3,0,9
https://www.reczniki-haftowane.pl/nasze-realizacje,6.html,0,29,0,20.4
https://www.reczniki-haftowane.pl/nasze-realizacje.html,0,14,0,11.1
https://www.reczniki-haftowane.pl/oferta.html,0,18,0,22.3
https://www.reczniki-haftowane.pl/oferta/duzy-ręcznik-z-haftem.html,0,34,0,31.5
https://www.reczniki-haftowane.pl/oferta/personalizowane.html,0,180,0,41.2
https://www.reczniki-haftowane.pl/oferta/szlafrok-2-reczniki.html,0,33,0,7.3
https://www.reczniki-haftowane.pl/oferta/szlafrok-z-haftem.html,0,16,0,18.3
https://www.reczniki-haftowane.pl/oferta/tort-z-haftowanych-recznikow.html,0,10,0,17.7
https://www.reczniki-haftowane.pl/oferta/zestaw-2-kapielowych-haftowanych-recznikow-w-koszu.html,0,24,0,35.7
https://www.reczniki-haftowane.pl/oferta/zestaw-4-haftowanych-recznikow-w-koszu.html,0,56,0,20.0
https://www.reczniki-haftowane.pl/oferta/zestawy-ze-szlafrokami.html,0,2,0,5.5
https://www.reczniki-haftowane.pl/opinie,0,43,0,24.7
https://www.reczniki-haftowane.pl/opinie/index/page/7,0,10,0,2.9
https://www.reczniki-haftowane.pl/pictures/900x/546f2a3d28dfc_4-reczniki-prezent-na-mikol.jpg,0,1,0,24
https://www.reczniki-haftowane.pl/regulamin.html,0,12,0,18
https://www.reczniki-haftowane.pl/wizzard,0,50,0,49.2
https://www.reczniki-haftowane.pl/wzory-haftów-na-rocznicę-ślubu.html,0,7,0,7.1
https://www.reczniki-haftowane.pl/wzory-haftów.html,0,7,0,5.1
